[{"model": "admin.logentry", "pk": 1, "fields": {"action_time": "2021-03-12T11:05:32.115Z", "user": 1, "content_type": 7, "object_id": "1", "object_repr": "lauraday.example.com", "action_flag": 2, "change_message": "[{\"changed\": {\"fields\": [\"Domain name\", \"Display name\"]}}]"}}, {"model": "admin.logentry", "pk": 2, "fields": {"action_time": "2021-03-12T11:16:01.582Z", "user": 1, "content_type": 8, "object_id": "1", "object_repr": "josefine.kihlstrm@gmail.com", "action_flag": 2, "change_message": "[{\"changed\": {\"fields\": [\"Verified\", \"Primary\"]}}]"}}, {"model": "admin.logentry", "pk": 3, "fields": {"action_time": "2021-03-26T18:08:51.825Z", "user": 1, "content_type": 13, "object_id": "1", "object_repr": "Ceramics", "action_flag": 1, "change_message": "[{\"added\": {}}]"}}, {"model": "admin.logentry", "pk": 4, "fields": {"action_time": "2021-03-26T18:08:59.584Z", "user": 1, "content_type": 13, "object_id": "2", "object_repr": "Artwork", "action_flag": 1, "change_message": "[{\"added\": {}}]"}}, {"model": "admin.logentry", "pk": 5, "fields": {"action_time": "2021-03-26T18:23:24.783Z", "user": 1, "content_type": 14, "object_id": "1", "object_repr": "Vase 'Amigo'", "action_flag": 1, "change_message": "[{\"added\": {}}]"}}, {"model": "admin.logentry", "pk": 6, "fields": {"action_time": "2021-03-26T18:25:48.399Z", "user": 1, "content_type": 14, "object_id": "2", "object_repr": "Bowl 'Franciska'", "action_flag": 1, "change_message": "[{\"added\": {}}]"}}, {"model": "admin.logentry", "pk": 7, "fields": {"action_time": "2021-03-26T18:26:34.403Z", "user": 1, "content_type": 14, "object_id": "3", "object_repr": "Mug 'Lorence'", "action_flag": 1, "change_message": "[{\"added\": {}}]"}}, {"model": "admin.logentry", "pk": 8, "fields": {"action_time": "2021-03-26T18:28:19.126Z", "user": 1, "content_type": 14, "object_id": "4", "object_repr": "Bowl 'Francis'", "action_flag": 1, "change_message": "[{\"added\": {}}]"}}, {"model": "admin.logentry", "pk": 9, "fields": {"action_time": "2021-03-26T18:29:07.956Z", "user": 1, "content_type": 14, "object_id": "5", "object_repr": "Bottle 'Loreen'", "action_flag": 1, "change_message": "[{\"added\": {}}]"}}, {"model": "admin.logentry", "pk": 10, "fields": {"action_time": "2021-03-26T19:03:19.545Z", "user": 1, "content_type": 14, "object_id": "1", "object_repr": "Vase 'Amigo'", "action_flag": 2, "change_message": "[{\"changed\": {\"fields\": [\"Image\"]}}]"}}, {"model": "admin.logentry", "pk": 11, "fields": {"action_time": "2021-03-26T19:03:52.868Z", "user": 1, "content_type": 14, "object_id": "1", "object_repr": "Vase 'Amigo'", "action_flag": 2, "change_message": "[{\"changed\": {\"fields\": [\"Image url\"]}}]"}}, {"model": "admin.logentry", "pk": 12, "fields": {"action_time": "2021-03-26T19:04:05.572Z", "user": 1, "content_type": 14, "object_id": "2", "object_repr": "Bowl 'Franciska'", "action_flag": 2, "change_message": "[{\"changed\": {\"fields\": [\"Image\"]}}]"}}, {"model": "admin.logentry", "pk": 13, "fields": {"action_time": "2021-03-26T19:05:18.748Z", "user": 1, "content_type": 14, "object_id": "3", "object_repr": "Mug 'Lorence'", "action_flag": 2, "change_message": "[{\"changed\": {\"fields\": [\"Image url\", \"Image\"]}}]"}}, {"model": "admin.logentry", "pk": 14, "fields": {"action_time": "2021-03-26T19:06:09.687Z", "user": 1, "content_type": 14, "object_id": "4", "object_repr": "Bowl 'Francis'", "action_flag": 2, "change_message": "[{\"changed\": {\"fields\": [\"Image url\", \"Image\"]}}]"}}, {"model": "admin.logentry", "pk": 15, "fields": {"action_time": "2021-03-26T19:07:10.344Z", "user": 1, "content_type": 14, "object_id": "5", "object_repr": "Bottle 'Loreen'", "action_flag": 2, "change_message": "[{\"changed\": {\"fields\": [\"Image url\", \"Image\"]}}]"}}, {"model": "admin.logentry", "pk": 16, "fields": {"action_time": "2021-03-27T14:20:49.245Z", "user": 1, "content_type": 14, "object_id": "5", "object_repr": "Bottle 'Loreen'", "action_flag": 2, "change_message": "[{\"changed\": {\"fields\": [\"Description\"]}}]"}}, {"model": "admin.logentry", "pk": 17, "fields": {"action_time": "2021-03-27T14:31:54.671Z", "user": 1, "content_type": 14, "object_id": "5", "object_repr": "Bottle 'Loreen' ceramics", "action_flag": 2, "change_message": "[{\"changed\": {\"fields\": [\"Name\"]}}]"}}, {"model": "admin.logentry", "pk": 18, "fields": {"action_time": "2021-03-27T14:59:07.839Z", "user": 1, "content_type": 14, "object_id": "5", "object_repr": "Bottle 'Loreen' Ceramics", "action_flag": 2, "change_message": "[{\"changed\": {\"fields\": [\"Name\"]}}]"}}, {"model": "admin.logentry", "pk": 19, "fields": {"action_time": "2021-03-27T15:21:51.067Z", "user": 1, "content_type": 14, "object_id": "1", "object_repr": "Vase 'Amigo'", "action_flag": 2, "change_message": "[{\"changed\": {\"fields\": [\"Category\"]}}]"}}, {"model": "admin.logentry", "pk": 20, "fields": {"action_time": "2021-03-27T18:45:12.695Z", "user": 1, "content_type": 13, "object_id": "2", "object_repr": "artwork", "action_flag": 2, "change_message": "[{\"changed\": {\"fields\": [\"Name\"]}}]"}}, {"model": "admin.logentry", "pk": 21, "fields": {"action_time": "2021-03-27T18:45:17.726Z", "user": 1, "content_type": 13, "object_id": "1", "object_repr": "ceramics", "action_flag": 2, "change_message": "[{\"changed\": {\"fields\": [\"Name\"]}}]"}}, {"model": "admin.logentry", "pk": 22, "fields": {"action_time": "2021-04-03T13:54:08.609Z", "user": 1, "content_type": 14, "object_id": "6", "object_repr": "Artprint 'Floral' A4", "action_flag": 1, "change_message": "[{\"added\": {}}]"}}, {"model": "admin.logentry", "pk": 23, "fields": {"action_time": "2021-04-03T13:54:57.541Z", "user": 1, "content_type": 14, "object_id": "7", "object_repr": "Artprint 'Bird Nest' A3", "action_flag": 1, "change_message": "[{\"added\": {}}]"}}, {"model": "admin.logentry", "pk": 24, "fields": {"action_time": "2021-04-03T13:55:38.156Z", "user": 1, "content_type": 14, "object_id": "8", "object_repr": "Artprint 'Bird Song' A4", "action_flag": 1, "change_message": "[{\"added\": {}}]"}}, {"model": "admin.logentry", "pk": 25, "fields": {"action_time": "2021-04-03T13:56:07.931Z", "user": 1, "content_type": 14, "object_id": "9", "object_repr": "Artprint 'Love Birds' A3", "action_flag": 1, "change_message": "[{\"added\": {}}]"}}, {"model": "admin.logentry", "pk": 26, "fields": {"action_time": "2021-04-03T13:56:23.630Z", "user": 1, "content_type": 14, "object_id": "5", "object_repr": "Bottle 'Loreen' Ceramics", "action_flag": 2, "change_message": "[{\"changed\": {\"fields\": [\"Price\"]}}]"}}, {"model": "admin.logentry", "pk": 27, "fields": {"action_time": "2021-04-03T13:56:44.777Z", "user": 1, "content_type": 14, "object_id": "2", "object_repr": "Bowl 'Franciska'", "action_flag": 2, "change_message": "[{\"changed\": {\"fields\": [\"Price\"]}}]"}}, {"model": "admin.logentry", "pk": 28, "fields": {"action_time": "2021-04-03T13:57:47.255Z", "user": 1, "content_type": 14, "object_id": "9", "object_repr": "Artprint 'Love Birds' A3", "action_flag": 2, "change_message": "[{\"changed\": {\"fields\": [\"Image url\", \"Image\"]}}]"}}, {"model": "admin.logentry", "pk": 29, "fields": {"action_time": "2021-04-03T13:58:49.975Z", "user": 1, "content_type": 14, "object_id": "9", "object_repr": "Artprint 'Love Birds' A3", "action_flag": 2, "change_message": "[{\"changed\": {\"fields\": [\"Image url\", \"Image\"]}}]"}}, {"model": "admin.logentry", "pk": 30, "fields": {"action_time": "2021-04-03T14:00:29.352Z", "user": 1, "content_type": 14, "object_id": "10", "object_repr": "Vase 'Lava'", "action_flag": 1, "change_message": "[{\"added\": {}}]"}}, {"model": "admin.logentry", "pk": 31, "fields": {"action_time": "2021-04-03T14:01:08.570Z", "user": 1, "content_type": 14, "object_id": "1", "object_repr": "Vase 'Amigo'", "action_flag": 2, "change_message": "[{\"changed\": {\"fields\": [\"Category\"]}}]"}}, {"model": "admin.logentry", "pk": 32, "fields": {"action_time": "2021-04-03T14:08:01.057Z", "user": 1, "content_type": 14, "object_id": "11", "object_repr": "Pot 'Alex'", "action_flag": 1, "change_message": "[{\"added\": {}}]"}}, {"model": "admin.logentry", "pk": 33, "fields": {"action_time": "2021-04-03T14:09:19.734Z", "user": 1, "content_type": 14, "object_id": "12", "object_repr": "Bottle 'Neya'", "action_flag": 1, "change_message": "[{\"added\": {}}]"}}, {"model": "admin.logentry", "pk": 34, "fields": {"action_time": "2021-04-03T14:10:08.057Z", "user": 1, "content_type": 14, "object_id": "13", "object_repr": "Mug 'Leah'", "action_flag": 1, "change_message": "[{\"added\": {}}]"}}, {"model": "admin.logentry", "pk": 35, "fields": {"action_time": "2021-04-03T14:12:40.665Z", "user": 1, "content_type": 14, "object_id": "9", "object_repr": "Artprint 'Love Birds' A3", "action_flag": 2, "change_message": "[{\"changed\": {\"fields\": [\"Image\"]}}]"}}, {"model": "admin.logentry", "pk": 36, "fields": {"action_time": "2021-04-10T10:52:03.830Z", "user": 1, "content_type": 15, "object_id": "1", "object_repr": "4D928DBCA114468099D6464EF06AC35B", "action_flag": 2, "change_message": "[{\"changed\": {\"name\": \"order line item\", \"object\": \"SKU 0002 on order 4D928DBCA114468099D6464EF06AC35B\", \"fields\": [\"Quantity\"]}}]"}}, {"model": "admin.logentry", "pk": 37, "fields": {"action_time": "2021-04-10T10:52:40.375Z", "user": 1, "content_type": 15, "object_id": "1", "object_repr": "4D928DBCA114468099D6464EF06AC35B", "action_flag": 2, "change_message": "[{\"changed\": {\"name\": \"order line item\", \"object\": \"SKU 0002 on order 4D928DBCA114468099D6464EF06AC35B\", \"fields\": [\"Quantity\"]}}, {\"changed\": {\"name\": \"order line item\", \"object\": \"SKU 0001 on order 4D928DBCA114468099D6464EF06AC35B\", \"fields\": [\"Quantity\"]}}, {\"changed\": {\"name\": \"order line item\", \"object\": \"SKU 0003 on order 4D928DBCA114468099D6464EF06AC35B\", \"fields\": [\"Quantity\"]}}]"}}, {"model": "admin.logentry", "pk": 38, "fields": {"action_time": "2021-04-10T10:53:07.610Z", "user": 1, "content_type": 15, "object_id": "1", "object_repr": "4D928DBCA114468099D6464EF06AC35B", "action_flag": 2, "change_message": "[{\"changed\": {\"name\": \"order line item\", \"object\": \"SKU 0004 on order 4D928DBCA114468099D6464EF06AC35B\", \"fields\": [\"Quantity\"]}}]"}}, {"model": "admin.logentry", "pk": 39, "fields": {"action_time": "2021-04-10T10:53:25.343Z", "user": 1, "content_type": 15, "object_id": "1", "object_repr": "4D928DBCA114468099D6464EF06AC35B", "action_flag": 3, "change_message": ""}}, {"model": "admin.logentry", "pk": 40, "fields": {"action_time": "2021-04-10T10:55:09.019Z", "user": 1, "content_type": 15, "object_id": "1", "object_repr": "4D928DBCA114468099D6464EF06AC35B", "action_flag": 3, "change_message": ""}}, {"model": "admin.logentry", "pk": 41, "fields": {"action_time": "2021-04-16T11:43:00.837Z", "user": 1, "content_type": 4, "object_id": "1", "object_repr": "lauradayadmin", "action_flag": 2, "change_message": "[{\"changed\": {\"fields\": [\"First name\", \"Last name\"]}}]"}}, {"model": "admin.logentry", "pk": 42, "fields": {"action_time": "2021-04-19T17:39:19.230Z", "user": 1, "content_type": 14, "object_id": "17", "object_repr": "gfdgd", "action_flag": 3, "change_message": ""}}, {"model": "admin.logentry", "pk": 43, "fields": {"action_time": "2021-04-19T17:39:24.202Z", "user": 1, "content_type": 14, "object_id": "16", "object_repr": "f", "action_flag": 3, "change_message": ""}}, {"model": "admin.logentry", "pk": 44, "fields": {"action_time": "2021-04-19T17:39:28.309Z", "user": 1, "content_type": 14, "object_id": "15", "object_repr": "test2", "action_flag": 3, "change_message": ""}}, {"model": "admin.logentry", "pk": 45, "fields": {"action_time": "2021-04-19T17:39:32.803Z", "user": 1, "content_type": 14, "object_id": "14", "object_repr": "test", "action_flag": 3, "change_message": ""}}, {"model": "auth.user", "pk": 1, "fields": {"password": "pbkdf2_sha256$216000$y4hUvBauN9zN$d9E7mhlc6hIHT85dTE3vo7+vwUwgsKS2gtqVZPxIe4k=", "last_login": "2021-04-21T10:05:56.183Z", "is_superuser": true, "username": "lauradayadmin", "first_name": "John", "last_name": "Smith", "email": "josefine.kihlstrm@gmail.com", "is_staff": true, "is_active": true, "date_joined": "2021-03-11T18:01:56Z", "groups": [], "user_permissions": []}}, {"model": "auth.user", "pk": 2, "fields": {"password": "pbkdf2_sha256$216000$tb66jncGFiin$P10DhU8/UZyUCRqLH3DKgCE7CrKD9SEY4EcjYtEuocU=", "last_login": null, "is_superuser": false, "username": "testest", "first_name": "", "last_name": "", "email": "test@test.com", "is_staff": false, "is_active": true, "date_joined": "2021-04-14T17:52:08.404Z", "groups": [], "user_permissions": []}}, {"model": "auth.user", "pk": 3, "fields": {"password": "pbkdf2_sha256$216000$wmTQeTomC9j4$SdXEQ7OX0KYvG1oWcyQg95sYRGSZ0xMceJdNcKZvj8s=", "last_login": "2021-04-14T17:57:44.164Z", "is_superuser": false, "username": "testtest", "first_name": "", "last_name": "", "email": "test@testtest.com", "is_staff": false, "is_active": true, "date_joined": "2021-04-14T17:56:58.642Z", "groups": [], "user_permissions": []}}, {"model": "sessions.session", "pk": "5tmmbbxd26a3fkiddfuljn4poyh3ai36", "fields": {"session_data": "e30:1lWjdy:i6m4EIbZLCCC559yir80th2O2IxqlHsXxHaeQHRzHDE", "expire_date": "2021-04-28T17:49:38.925Z"}}, {"model": "sessions.session", "pk": "c90rmtdm4heyqb789n83zmxcdannnvms", "fields": {"session_data": ".eJxVjDEOgzAMRe-SuYoApyJm7N4zIDt2gLZKJAIT4u4FiaFd_3v_baandRn7tejcT2I6U5vb78YU3ppOIC9KQ7Yhp2We2J6KvWixzyz6eVzuX2CkMh7vSBxIvQDrHSnE6J0DRfai0DQK2HqEumpVgkPPAMKADWkEcrWr4IgyDabb9v0LJYA7Zw:1lT5Ez:BMPxy-Q760XK-30M1rQgCdFF-OuBOYhJPgO0Vb6XANI", "expire_date": "2021-04-18T16:04:45.777Z"}}, {"model": "sessions.session", "pk": "cn8zlsrw3b4xjkum9m192euhutpsykyq", "fields": {"session_data": "e30:1lWjeW:VDbjYm2t3MrWznbjSuvxGdjWoyyrLSNEmubMjtt2vTY", "expire_date": "2021-04-28T17:50:12.124Z"}}, {"model": "sessions.session", "pk": "co466ni32322jgne9mql5chr5dixfnew", "fields": {"session_data": "e30:1lWNF4:ZEMx0z2ZClebe5MyvIW8TVF7B9l2iUi8zQuXtKm_yuo", "expire_date": "2021-04-27T17:54:26.084Z"}}, {"model": "sessions.session", "pk": "ctstd1pk9qqzdrqtg41yu1inw3cziqwn", "fields": {"session_data": "e30:1lW08a:7Tf4ffKsZgRoXijcIcT5o7Wfmf-npDksMtCwM_RxcnY", "expire_date": "2021-04-26T17:14:12.024Z"}}, {"model": "sessions.session", "pk": "d8uouncne91luyid7anmjtbd0x0vqga2", "fields": {"session_data": "e30:1lWNFC:FVczBIa1LyK7SYqBnqtZb-mULfL5ZnkIKd5kLcWgRqQ", "expire_date": "2021-04-27T17:54:34.568Z"}}, {"model": "sessions.session", "pk": "e389mc8chw9dlhqpw2ilr4ke918luaig", "fields": {"session_data": "eyJiYWciOnsiMiI6MX19:1lWMfI:8h31tEQbT9sg1ZepuXYPYh7fuKXuBRAWD2nGQyHsG-0", "expire_date": "2021-04-27T17:17:28.778Z"}}, {"model": "sessions.session", "pk": "egihtae97x3ajitva86gnuyirr884bp2", "fields": {"session_data": ".eJxVjEEOgjAQRe_StWmAqaFl6d4zNDOdqVRNaygkGOPdlYSFbv97_72Ux2Ue_VJl8onVoFp1-N0Iw03yBviK-VJ0KHmeEulN0Tut-lxY7qfd_QuMWMfvOyIFFMtAcnQYYrTGgDiyLNB1Aq63DtqmFw7GWQJgAtehREDTmga2aJVaU8le1keanmpo3h_Trz_Y:1lZ9k4:zQ8tzMnwUo61jZ7FvhAKnzB1sOxdxk2HZzFHk_jKZMU", "expire_date": "2021-05-05T10:05:56.427Z"}}, {"model": "sessions.session", "pk": "jigjyyere1j5tf4g87ac1p2gpt3i64q8", "fields": {"session_data": ".eJxVjEEOgjAQRe_StWmAqaFl6d4zNDOdqVRNaygkGOPdlYSFbv97_72Ux2Ue_VJl8onVoFp1-N0Iw03yBviK-VJ0KHmeEulN0Tut-lxY7qfd_QuMWMfvOyIFFMtAcnQYYrTGgDiyLNB1Aq63DtqmFw7GWQJgAtehREDTmga2aJVaU8le1keanmpo3h_Trz_Y:1lKfmI:tLyt3CzdHYd92J8Qe_Grs0ITSUnzLBlEYtARWiqNl2g", "expire_date": "2021-03-26T11:16:22.325Z"}}, {"model": "sessions.session", "pk": "yd6x0nieqkq5687mdleynkz6nqj5f2fe", "fields": {"session_data": ".eJxVjEEOwiAQRe_C2pDCYAou3XsGMsMMUjWQlHbVeHdt0oVu_3vvbyriupS4dpnjxOqijDr9boTpKXUH_MB6bzq1uswT6V3RB-361lhe18P9OyjYy7fOSAnFM5CcA6acvXMggTwLWCsQRh_ADKNwcsETABMEi5IBnXEDqPcHHUw4mw:1lPqsD:1lATuMfNL51bJl252gIF4X3Q7NoIzhqwR4CI8LNIO_E", "expire_date": "2021-04-09T18:07:53.630Z"}}, {"model": "sessions.session", "pk": "yzv2zqo2yh5an41mu68wz5wqq12t73jf", "fields": {"session_data": "eyJfbWVzc2FnZXMiOiJbW1wiX19qc29uX21lc3NhZ2VcIiwwLDQwLFwiWW91ciBiYWcgaXMgZW1wdHkuXCJdXSJ9:1lUAGn:v05okJzc7-SQWjVO-rArvSyhAbuUyQcIK7p0e2fj19w", "expire_date": "2021-04-21T15:39:05.719Z"}}, {"model": "sites.site", "pk": 1, "fields": {"domain": "lauraday.example.com", "name": "Laura Day"}}, {"model": "account.emailaddress", "pk": 1, "fields": {"user": 1, "email": "josefine.kihlstrm@gmail.com", "verified": true, "primary": true}}, {"model": "account.emailaddress", "pk": 2, "fields": {"user": 2, "email": "test@test.com", "verified": true, "primary": true}}, {"model": "account.emailaddress", "pk": 3, "fields": {"user": 3, "email": "test@testtest.com", "verified": true, "primary": true}}, {"model": "products.category", "pk": 1, "fields": {"name": "ceramics"}}, {"model": "products.category", "pk": 2, "fields": {"name": "artwork"}}, {"model": "products.product", "pk": 1, "fields": {"name": "Vase 'Amigo'", "category": 1, "sku": "0001", "description": "Lorem ipsum dolor sit amet, consectetur adipiscing elit, sed do eiusmod tempor incididunt ut labore et dolore magna aliqua. Ut enim ad minim veniam, quis nostrud exercitation ullamco laboris nisi ut aliquip ex ea commodo consequat. Duis aute irure dolor in reprehenderit in voluptate velit esse cillum dolore eu fugiat nulla pariatur. Excepteur sint occaecat cupidatat non proident, sunt in culpa qui officia deserunt mollit anim id est laborum.", "price": "80.00", "image_url": null, "image": "product1.jpg"}}, {"model": "products.product", "pk": 2, "fields": {"name": "Bowl 'Franciska'", "category": 1, "sku": "0002", "description": "Lorem ipsum dolor sit amet, consectetur adipiscing elit, sed do eiusmod tempor incididunt ut labore et dolore magna aliqua. Ut enim ad minim veniam, quis nostrud exercitation ullamco laboris nisi ut aliquip ex ea commodo consequat. Duis aute irure dolor in reprehenderit in voluptate velit esse cillum dolore eu fugiat nulla pariatur. Excepteur sint occaecat cupidatat non proident, sunt in culpa qui officia deserunt mollit anim id est laborum.", "price": "17.00", "image_url": "https://images.unsplash.com/photo-1530006498959-b7884e829a04?ixid=MXwxMjA3fDB8MHxwaG90by1wYWdlfHx8fGVufDB8fHw%3D&ixlib=rb-1.2.1&auto=format&fit=crop&w=1332&q=80", "image": "product5.jpg"}}, {"model": "products.product", "pk": 3, "fields": {"name": "Mug 'Lorence'", "category": 1, "sku": "0003", "description": "Lorem ipsum dolor sit amet, consectetur adipiscing elit, sed do eiusmod tempor incididunt ut labore et dolore magna aliqua. Ut enim ad minim veniam, quis nostrud exercitation ullamco laboris nisi ut aliquip ex ea commodo consequat. Duis aute irure dolor in reprehenderit in voluptate velit esse cillum dolore eu fugiat nulla pariatur. Excepteur sint occaecat cupidatat non proident, sunt in culpa qui officia deserunt mollit anim id est laborum.", "price": "15.00", "image_url": null, "image": "product3.jpg"}}, {"model": "products.product", "pk": 4, "fields": {"name": "Bowl 'Francis'", "category": 1, "sku": "0004", "description": "Lorem ipsum dolor sit amet, consectetur adipiscing elit, sed do eiusmod tempor incididunt ut labore et dolore magna aliqua. Ut enim ad minim veniam, quis nostrud exercitation ullamco laboris nisi ut aliquip ex ea commodo consequat. Duis aute irure dolor in reprehenderit in voluptate velit esse cillum dolore eu fugiat nulla pariatur. Excepteur sint occaecat cupidatat non proident, sunt in culpa qui officia deserunt mollit anim id est laborum.", "price": "15.00", "image_url": null, "image": "product4.jpg"}}, {"model": "products.product", "pk": 5, "fields": {"name": "Bottle 'Loreen' Ceramics", "category": 1, "sku": "0005", "description": "ceramics Lorem ipsum dolor sit amet, consectetur adipiscing elit, sed do eiusmod tempor incididunt ut labore et dolore magna aliqua. Ut enim ad minim veniam, quis nostrud exercitation ullamco laboris nisi ut aliquip ex ea commodo consequat. Duis aute irure dolor in reprehenderit in voluptate velit esse cillum dolore eu fugiat nulla pariatur. Excepteur sint occaecat cupidatat non proident, sunt in culpa qui officia deserunt mollit anim id est laborum.", "price": "15.00", "image_url": null, "image": "product51.jpg"}}, {"model": "products.product", "pk": 6, "fields": {"name": "Artprint 'Floral' A4", "category": 2, "sku": "0006", "description": "Text coming..", "price": "29.00", "image_url": null, "image": "floral.jpg"}}, {"model": "products.product", "pk": 7, "fields": {"name": "Artprint 'Bird Nest' A3", "category": 2, "sku": "0007", "description": "Text coming...", "price": "39.00", "image_url": null, "image": "birdnest.jpg"}}, {"model": "products.product", "pk": 8, "fields": {"name": "Artprint 'Bird Song' A4", "category": 2, "sku": "0008", "description": "Text coming...", "price": "29.00", "image_url": null, "image": "birdsong.jpg"}}, {"model": "products.product", "pk": 9, "fields": {"name": "Artprint 'Love Birds' A3", "category": 2, "sku": "0009", "description": "Text coming..", "price": "39.00", "image_url": null, "image": "lovebirds.jpg"}}, {"model": "products.product", "pk": 10, "fields": {"name": "Vase 'Lava'", "category": 1, "sku": "0010", "description": "Text coming...", "price": "55.00", "image_url": null, "image": "vase2.jpg"}}, {"model": "products.product", "pk": 11, "fields": {"name": "Pot 'Alex'", "category": 1, "sku": "0011", "description": "Text coming", "price": "18.00", "image_url": null, "image": "ceramic7.jpg"}}, {"model": "products.product", "pk": 12, "fields": {"name": "Bottle 'Neya'", "category": 1, "sku": "0012", "description": "Text coming", "price": "15.00", "image_url": null, "image": "ceramic8.jpg"}}, {"model": "products.product", "pk": 13, "fields": {"name": "Mug 'Leah'", "category": 1, "sku": "0013", "description": "Text coming...", "price": "15.00", "image_url": null, "image": "ceramic9.jpg"}}, {"model": "checkout.order", "pk": 2, "fields": {"order_number": "13FA183234CF4B6787C8C00D25EE20DA", "user_profile": null, "full_name": "John Smith", "email": "fdsfsd@gmail.com", "phone_number": "1234567890", "country": "US", "postcode": "12345", "town_or_city": "fsdfds", "street_address1": "the street 1", "street_address2": null, "county": "fesfsefes", "date": "2021-04-10T11:19:05.565Z", "delivery_cost": "0.00", "order_total": "102.00", "grand_total": "102.00", "original_bag": "", "stripe_pid": ""}}, {"model": "checkout.order", "pk": 3, "fields": {"order_number": "5569E9E0E9F54081BB5F83C7036870C9", "user_profile": null, "full_name": "John Smith", "email": "john.smith@gmail.com", "phone_number": "1234567890", "country": "fasfsa", "postcode": "12345", "town_or_city": "gfdgfdg", "street_address1": "fsdfds", "street_address2": "fdsfsd", "county": "gsdgs", "date": "2021-04-10T11:47:17.881Z", "delivery_cost": "0.00", "order_total": "70.00", "grand_total": "70.00", "original_bag": "", "stripe_pid": ""}}, {"model": "checkout.order", "pk": 4, "fields": {"order_number": "5C7C11892BC54B3DA6C2949B46C9DE72", "user_profile": null, "full_name": "John Smith", "email": "fdsfsd@gmail.com", "phone_number": "1234567890", "country": "gdsgsd", "postcode": "12345", "town_or_city": "fasa", "street_address1": "gsdgsd", "street_address2": "fasfsa", "county": "fsafas", "date": "2021-04-10T11:50:09.958Z", "delivery_cost": "1.50", "order_total": "15.00", "grand_total": "16.50", "original_bag": "", "stripe_pid": ""}}, {"model": "checkout.order", "pk": 5, "fields": {"order_number": "35C83D4E989B4DA7ACCF3B8B96A20305", "user_profile": null, "full_name": "John Smith", "email": "fdsfsd@gmail.com", "phone_number": "1234567890", "country": "fdsfds", "postcode": "gdsgsd", "town_or_city": "fdsfds", "street_address1": "fafsa", "street_address2": "gdsgsd", "county": "gdfgd", "date": "2021-04-10T11:51:56.997Z", "delivery_cost": "1.70", "order_total": "17.00", "grand_total": "18.70", "original_bag": "", "stripe_pid": ""}}, {"model": "checkout.order", "pk": 6, "fields": {"order_number": "43B56855FAAD439889496E6DF3D573CA", "user_profile": null, "full_name": "John Smith", "email": "fdsfsd@gmail.com", "phone_number": "1234567890", "country": "US", "postcode": "gsdgds", "town_or_city": "gsdgds", "street_address1": "fasa", "street_address2": "fsefes", "county": "gsdgds", "date": "2021-04-10T11:54:00.069Z", "delivery_cost": "1.70", "order_total": "17.00", "grand_total": "18.70", "original_bag": "", "stripe_pid": ""}}, {"model": "checkout.order", "pk": 7, "fields": {"order_number": "D0972286E96344159D0D67259C17A7A1", "user_profile": null, "full_name": "John Smith", "email": "fdsfsd@gmail.com", "phone_number": "1234567890", "country": "US", "postcode": "12345", "town_or_city": "gsdgsd", "street_address1": "gfdgfd", "street_address2": null, "county": "fsdfsd", "date": "2021-04-10T14:30:46.473Z", "delivery_cost": "4.60", "order_total": "46.00", "grand_total": "50.60", "original_bag": "", "stripe_pid": ""}}, {"model": "checkout.order", "pk": 8, "fields": {"order_number": "E9C22C89C7BC44099A6C1B785E5EE2AF", "user_profile": null, "full_name": "John Smith", "email": "fdsfsd@gmail.com", "phone_number": "1234567890", "country": "US", "postcode": "12345", "town_or_city": "terter", "street_address1": "tretre", "street_address2": "gdfgfd", "county": "gdsgds", "date": "2021-04-10T16:05:26.391Z", "delivery_cost": "0.00", "order_total": "87.00", "grand_total": "87.00", "original_bag": "{\"2\": 1, \"1\": 1}", "stripe_pid": ""}}, {"model": "checkout.order", "pk": 9, "fields": {"order_number": "1EC99DC590DF47F9BE8F2DD30CD56A35", "user_profile": null, "full_name": "John Smith", "email": "fdsfsd@gmail.com", "phone_number": "1234567890", "country": "US", "postcode": "12345", "town_or_city": "Anywhere", "street_address1": "fdsfds", "street_address2": "gdsgds", "county": "gsdgs", "date": "2021-04-10T16:09:50.077Z", "delivery_cost": "1.70", "order_total": "17.00", "grand_total": "18.70", "original_bag": "{\"2\": 1}", "stripe_pid": ""}}, {"model": "checkout.order", "pk": 10, "fields": {"order_number": "1092F824231248749EDB12212B0724C0", "user_profile": null, "full_name": "John Smith", "email": "fdsfsd@gmail.com", "phone_number": "1234567890", "country": "US", "postcode": "12345", "town_or_city": "Anywhere", "street_address1": "fdsfds", "street_address2": "gsdgsd", "county": "tere", "date": "2021-04-10T16:13:32.854Z", "delivery_cost": "2.90", "order_total": "29.00", "grand_total": "31.90", "original_bag": "{\"6\": 1}", "stripe_pid": ""}}, {"model": "checkout.order", "pk": 11, "fields": {"order_number": "15CB74E401844403891B0784CF82FA0E", "user_profile": null, "full_name": "John Smith", "email": "fdsfsd@gmail.com", "phone_number": "1234567890", "country": "US", "postcode": "12345", "town_or_city": "anywhere", "street_address1": "fdsfds", "street_address2": "fasfsa", "county": null, "date": "2021-04-10T16:15:49.113Z", "delivery_cost": "1.50", "order_total": "15.00", "grand_total": "16.50", "original_bag": "{\"3\": 1}", "stripe_pid": ""}}, {"model": "checkout.order", "pk": 12, "fields": {"order_number": "0B34049ECC254FAC879E6401AFF81A11", "user_profile": null, "full_name": "John Smith", "email": "fdsfsd@gmail.com", "phone_number": "1234567890", "country": "US", "postcode": "12345", "town_or_city": "fsefse", "street_address1": "fdsfds", "street_address2": null, "county": null, "date": "2021-04-10T16:17:01.639Z", "delivery_cost": "1.70", "order_total": "17.00", "grand_total": "18.70", "original_bag": "{\"2\": 1}", "stripe_pid": ""}}, {"model": "checkout.order", "pk": 13, "fields": {"order_number": "495B227489D446EE8D9DDB719AC86711", "user_profile": null, "full_name": "fdsfsd", "email": "fdsfsd@gmail.com", "phone_number": "1234567890", "country": "AL", "postcode": null, "town_or_city": "Anywhere", "street_address1": "fdsfds", "street_address2": null, "county": null, "date": "2021-04-16T10:20:55.724Z", "delivery_cost": "1.70", "order_total": "17.00", "grand_total": "18.70", "original_bag": "{\"2\": 1}", "stripe_pid": "pi_1IgomUKST7IrZHIDBTcqutN3"}}, {"model": "checkout.order", "pk": 14, "fields": {"order_number": "D4D1E1FFAD1C4A26AE93C3A7706DB33E", "user_profile": 1, "full_name": "John Smith", "email": "fdsfsd@gmail.com", "phone_number": "1234567890", "country": "AI", "postcode": null, "town_or_city": "Anywhere", "street_address1": "12345th Street", "street_address2": null, "county": null, "date": "2021-04-16T10:35:19.996Z", "delivery_cost": "0.00", "order_total": "70.00", "grand_total": "70.00", "original_bag": "{\"1\": 1}", "stripe_pid": "pi_1Igp0gKST7IrZHIDGi6x7Y1D"}}, {"model": "checkout.order", "pk": 15, "fields": {"order_number": "0C85E6137CC54F76BE36E69FDB54D5D8", "user_profile": 1, "full_name": "John Smithhhhh", "email": "josefine.kihlstrm@gmail.com", "phone_number": "1234567890", "country": "AI", "postcode": null, "town_or_city": "Anywhere", "street_address1": "12345th Street", "street_address2": null, "county": null, "date": "2021-04-18T08:32:30.577Z", "delivery_cost": "0.00", "order_total": "85.00", "grand_total": "85.00", "original_bag": "{\"1\": 1, \"3\": 1}", "stripe_pid": "pi_1IhW2gKST7IrZHIDcjtrZmWA"}}, {"model": "checkout.order", "pk": 16, "fields": {"order_number": "1280716379BF45B5B7F60AE93EA88CA7", "user_profile": 1, "full_name": "John Smith", "email": "josefine.kihlstrm@gmail.com", "phone_number": "1234567890", "country": "AI", "postcode": null, "town_or_city": "Anywhere", "street_address1": "12345th Street", "street_address2": null, "county": null, "date": "2021-04-18T08:53:46.303Z", "delivery_cost": "3.20", "order_total": "32.00", "grand_total": "35.20", "original_bag": "{\"3\": 1, \"2\": 1}", "stripe_pid": "pi_1IhWNGKST7IrZHIDhmAzwsp5"}}, {"model": "checkout.orderlineitem", "pk": 5, "fields": {"order": 2, "product": 2, "quantity": 1, "lineitem_total": "17.00"}}, {"model": "checkout.orderlineitem", "pk": 6, "fields": {"order": 2, "product": 3, "quantity": 1, "lineitem_total": "15.00"}}, {"model": "checkout.orderlineitem", "pk": 7, "fields": {"order": 2, "product": 1, "quantity": 1, "lineitem_total": "70.00"}}, {"model": "checkout.orderlineitem", "pk": 8, "fields": {"order": 3, "product": 1, "quantity": 1, "lineitem_total": "70.00"}}, {"model": "checkout.orderlineitem", "pk": 9, "fields": {"order": 4, "product": 3, "quantity": 1, "lineitem_total": "15.00"}}, {"model": "checkout.orderlineitem", "pk": 10, "fields": {"order": 5, "product": 2, "quantity": 1, "lineitem_total": "17.00"}}, {"model": "checkout.orderlineitem", "pk": 11, "fields": {"order": 6, "product": 2, "quantity": 1, "lineitem_total": "17.00"}}, {"model": "checkout.orderlineitem", "pk": 12, "fields": {"order": 7, "product": 2, "quantity": 1, "lineitem_total": "17.00"}}, {"model": "checkout.orderlineitem", "pk": 13, "fields": {"order": 7, "product": 6, "quantity": 1, "lineitem_total": "29.00"}}, {"model": "checkout.orderlineitem", "pk": 14, "fields": {"order": 8, "product": 2, "quantity": 1, "lineitem_total": "17.00"}}, {"model": "checkout.orderlineitem", "pk": 15, "fields": {"order": 8, "product": 1, "quantity": 1, "lineitem_total": "70.00"}}, {"model": "checkout.orderlineitem", "pk": 16, "fields": {"order": 9, "product": 2, "quantity": 1, "lineitem_total": "17.00"}}, {"model": "checkout.orderlineitem", "pk": 17, "fields": {"order": 10, "product": 6, "quantity": 1, "lineitem_total": "29.00"}}, {"model": "checkout.orderlineitem", "pk": 18, "fields": {"order": 11, "product": 3, "quantity": 1, "lineitem_total": "15.00"}}, {"model": "checkout.orderlineitem", "pk": 19, "fields": {"order": 12, "product": 2, "quantity": 1, "lineitem_total": "17.00"}}, {"model": "checkout.orderlineitem", "pk": 20, "fields": {"order": 13, "product": 2, "quantity": 1, "lineitem_total": "17.00"}}, {"model": "checkout.orderlineitem", "pk": 21, "fields": {"order": 14, "product": 1, "quantity": 1, "lineitem_total": "70.00"}}, {"model": "checkout.orderlineitem", "pk": 22, "fields": {"order": 15, "product": 1, "quantity": 1, "lineitem_total": "70.00"}}, {"model": "checkout.orderlineitem", "pk": 23, "fields": {"order": 15, "product": 3, "quantity": 1, "lineitem_total": "15.00"}}, {"model": "checkout.orderlineitem", "pk": 24, "fields": {"order": 16, "product": 3, "quantity": 1, "lineitem_total": "15.00"}}, {"model": "checkout.orderlineitem", "pk": 25, "fields": {"order": 16, "product": 2, "quantity": 1, "lineitem_total": "17.00"}}, {"model": "profiles.userprofile", "pk": 1, "fields": {"user": 1, "default_phone_number": "1234567890", "default_street_address1": "12345th Street", "default_street_address2": null, "default_town_or_city": "Anywhere", "default_county": null, "default_postcode": null, "default_country": "AI"}}, {"model": "profiles.userprofile", "pk": 2, "fields": {"user": 2, "default_phone_number": null, "default_street_address1": null, "default_street_address2": null, "default_town_or_city": null, "default_county": null, "default_postcode": null, "default_country": null}}, {"model": "profiles.userprofile", "pk": 3, "fields": {"user": 3, "default_phone_number": null, "default_street_address1": null, "default_street_address2": null, "default_town_or_city": null, "default_county": null, "default_postcode": null, "default_country": null}}]